id;workflow_id;start_date;last_update_date;status;crawler_id
1;2aea7489-111b-4e4f-b85c-5d66e78d73c3;2021-06-29T03:18:42;2021-06-29T01:31:10;PROVISIONING;1
2;7bea7c4f-2cfa-4c0f-95ff-be6a2265c024;2021-06-29T04:55:10;2021-06-28T19:48:20;QUEUED;2
3;67d8a843-43b7-448e-be8f-5221262b5fda;2021-06-28T14:07:14;2021-06-28T17:50:30;RUNNING;3
4;178cd4cc-a282-4cfc-8d53-6a2d2d92ed18;2021-06-29T02:00:00;2021-06-28T12:10:52;PAUSED;4
5;421b38d4-b9cc-44cf-9f72-f5bfa1371315;2021-06-29T06:05:45;2021-06-28T08:51:48;SUCCESS;5
6;0cdb3010-4795-49a8-ae2c-56b7faaecee8;2021-06-28T16:26:00;2021-06-29T01:19:11;ERROR;6
7;c42861e6-4c3b-4f70-b691-90cb2cd1f535;2021-06-28T13:54:27;2021-06-29T03:08:07;STOPPED;7
8;007eb49d-f524-44b9-a9de-0065ab8d194f;2021-06-28T21:49:56;2021-06-29T00:28:09;PROVISIONING;8
9;ec697f81-539f-4a75-8659-24b0c5d80009;2021-06-28T14:45:33;2021-06-28T20:05:56;PROVISIONING;9
10;7f17622b-e5ef-4f38-882f-ab48a5f027c8;2021-06-28T08:06:52;2021-06-28T23:05:33;PROVISIONING;10
11;2aea7489-111b-4e4f-b85c-5d66e78d7311;2021-06-29T03:18:42;2021-06-29T01:31:10;PROVISIONING;11
12;7bea7c4f-2cfa-4c0f-95ff-be6a2265c012;2021-06-29T04:55:10;2021-06-28T19:48:20;PROVISIONING;12
13;67d8a843-43b7-448e-be8f-5221262b5f13;2021-06-28T14:07:14;2021-06-28T17:50:30;PROVISIONING;13
14;178cd4cc-a282-4cfc-8d53-6a2d2d92ed14;2021-06-29T02:00:00;2021-06-28T12:10:52;PROVISIONING;14
15;421b38d4-b9cc-44cf-9f72-f5bfa1371315;2021-06-29T06:05:45;2021-06-28T08:51:48;PROVISIONING;15
16;0cdb3010-4795-49a8-ae2c-56b7faaece16;2021-06-28T16:26:00;2021-06-29T01:19:11;PROVISIONING;16
17;c42861e6-4c3b-4f70-b691-90cb2cd1f517;2021-06-28T13:54:27;2021-06-29T03:08:07;PROVISIONING;17
18;007eb49d-f524-44b9-a9de-0065ab8d1918;2021-06-28T21:49:56;2021-06-29T00:28:09;PROVISIONING;18
19;ec697f81-539f-4a75-8659-24b0c5d80019;2021-06-28T14:45:33;2021-06-28T20:05:56;PROVISIONING;19
20;7f17622b-e5ef-4f38-882f-ab48a5f02720;2021-06-28T08:06:52;2021-06-28T23:05:33;PROVISIONING;20
21;7f17622b-e5ef-4f38-882f-ab48a5f02721;2021-06-28T08:06:52;2021-06-28T23:05:33;PROVISIONING;21
22;2aea7489-111b-4e4f-b85c-5d66e78d7322;2021-06-29T03:18:42;2021-06-29T01:31:10;PROVISIONING;22
23;7bea7c4f-2cfa-4c0f-95ff-be6a2265c023;2021-06-29T04:55:10;2021-06-28T19:48:20;PROVISIONING;23
24;67d8a843-43b7-448e-be8f-5221262b5f24;2021-06-28T14:07:14;2021-06-28T17:50:30;PROVISIONING;24
25;178cd4cc-a282-4cfc-8d53-6a2d2d92ed25;2021-06-29T02:00:00;2021-06-28T12:10:52;PROVISIONING;25
26;421b38d4-b9cc-44cf-9f72-f5bfa1371326;2021-06-29T06:05:45;2021-06-28T08:51:48;PROVISIONING;26
27;0cdb3010-4795-49a8-ae2c-56b7faaece27;2021-06-28T16:26:00;2021-06-29T01:19:11;PROVISIONING;27
28;c42861e6-4c3b-4f70-b691-90cb2cd1f528;2021-06-28T13:54:27;2021-06-29T03:08:07;PROVISIONING;28
29;007eb49d-f524-44b9-a9de-0065ab8d1929;2021-06-28T21:49:56;2021-06-29T00:28:09;PROVISIONING;29
30;ec697f81-539f-4a75-8659-24b0c5d80030;2021-06-28T14:45:33;2021-06-28T20:05:56;PROVISIONING;30
